"MessageId","MessageType"
"email1@localhost","MeetingResponse"
"email2@localhost","MeetingDeclined"
"email3@localhost","MeetingResponse"
"email4@localhost","MeetingDeclined"
"email5@localhost","MeetingResponse"
"email6@localhost","MeetingDeclined"
"email7@localhost","MeetingResponse"
"email8@localhost","MeetingDeclined"
"email9@localhost","MeetingResponse"
"email10@localhost","MeetingDeclined"
"email11@localhost","MeetingResponse"
"email12@localhost","MeetingDeclined"
"email13@localhost","MeetingResponse"
"email14@localhost","MeetingDeclined"
"email15@localhost","MeetingResponse"
"email16@localhost","MeetingDeclined"
"email17@localhost","MeetingResponse"
"email18@localhost","MeetingDeclined"
"email19@localhost","MeetingResponse"
"email20@localhost","MeetingDeclined"
"email21@localhost","MeetingResponse"
"email22@localhost","MeetingDeclined"
"email23@localhost","MeetingResponse"
"email24@localhost","MeetingDeclined"
"email25@localhost","MeetingResponse"
"email26@localhost","MeetingDeclined"
"email27@localhost","MeetingResponse"
"email28@localhost","MeetingDeclined"
"email29@localhost","MeetingResponse"
"email30@localhost","MeetingDeclined"
"email31@localhost","MeetingResponse"
"email32@localhost","MeetingDeclined"
"email33@localhost","MeetingResponse"
"email34@localhost","MeetingDeclined"
"email35@localhost","MeetingResponse"
"email36@localhost","MeetingDeclined"
"email37@localhost","MeetingResponse"
"email38@localhost","MeetingDeclined"
"email39@localhost","MeetingResponse"
"email40@localhost","MeetingDeclined"
"email41@localhost","MeetingResponse"
"email42@localhost","MeetingDeclined"
"email43@localhost","MeetingResponse"
"email44@localhost","MeetingDeclined"
"email45@localhost","MeetingResponse"
"email46@localhost","MeetingDeclined"
"email47@localhost","MeetingResponse"
"email48@localhost","MeetingDeclined"
"email49@localhost","MeetingResponse"
"email50@localhost","MeetingDeclined"
"email51@localhost","MeetingResponse"
"email52@localhost","MeetingDeclined"
"email53@localhost","MeetingResponse"
"email54@localhost","MeetingDeclined"
"email55@localhost","MeetingResponse"
"email56@localhost","MeetingDeclined"
"email57@localhost","MeetingResponse"
"email58@localhost","MeetingDeclined"
"email59@localhost","MeetingResponse"
"email60@localhost","MeetingDeclined"
"email61@localhost","MeetingResponse"
"email62@localhost","MeetingDeclined"
"email63@localhost","MeetingResponse"
"email64@localhost","MeetingDeclined"
"email65@localhost","MeetingResponse"
"email66@localhost","MeetingDeclined"
"email67@localhost","MeetingResponse"
"email68@localhost","MeetingDeclined"
"email69@localhost","MeetingResponse"
"email70@localhost","MeetingDeclined"
"email71@localhost","MeetingResponse"
"email72@localhost","MeetingDeclined"
"email73@localhost","MeetingResponse"
"email74@localhost","MeetingDeclined"
"email75@localhost","MeetingResponse"
"email76@localhost","MeetingDeclined"
"email77@localhost","MeetingResponse"
"email78@localhost","MeetingDeclined"
"email79@localhost","MeetingResponse"
"email80@localhost","MeetingDeclined"
"email81@localhost","MeetingResponse"
"email82@localhost","MeetingDeclined"
"email83@localhost","MeetingResponse"
"email84@localhost","MeetingDeclined"
"email85@localhost","MeetingResponse"
"email86@localhost","MeetingDeclined"
"email87@localhost","MeetingResponse"
"email88@localhost","MeetingDeclined"
"email89@localhost","MeetingResponse"
"email90@localhost","MeetingDeclined"
"email91@localhost","MeetingResponse"
"email92@localhost","MeetingDeclined"
"email93@localhost","MeetingResponse"
"email94@localhost","MeetingDeclined"
"email95@localhost","MeetingResponse"
"email96@localhost","MeetingDeclined"
"email97@localhost","MeetingResponse"
"email98@localhost","MeetingDeclined"
"email99@localhost","MeetingResponse"
"email100@localhost","MeetingDeclined"
"email101@localhost","MeetingResponse"
"email102@localhost","MeetingDeclined"
"email103@localhost","MeetingResponse"
"email104@localhost","MeetingDeclined"
"email105@localhost","MeetingResponse"
"email106@localhost","MeetingDeclined"
"email107@localhost","MeetingResponse"
"email108@localhost","MeetingDeclined"
"email109@localhost","MeetingResponse"
"email110@localhost","MeetingDeclined"
"email111@localhost","MeetingResponse"
"email112@localhost","MeetingDeclined"
"email113@localhost","MeetingResponse"
"email114@localhost","MeetingDeclined"
"email115@localhost","MeetingResponse"
"email116@localhost","MeetingDeclined"
"email117@localhost","MeetingResponse"
"email118@localhost","MeetingDeclined"
"email119@localhost","MeetingResponse"
"email120@localhost","MeetingDeclined"
"email121@localhost","MeetingResponse"
"email122@localhost","MeetingDeclined"
"email123@localhost","MeetingResponse"
"email124@localhost","MeetingDeclined"
"email125@localhost","MeetingResponse"
"email126@localhost","MeetingDeclined"
"email127@localhost","MeetingResponse"
"email128@localhost","MeetingDeclined"
"email129@localhost","MeetingResponse"
"email130@localhost","MeetingDeclined"
"email131@localhost","MeetingResponse"
"email132@localhost","MeetingDeclined"
"email133@localhost","MeetingResponse"
"email134@localhost","MeetingDeclined"
"email135@localhost","MeetingResponse"
"email136@localhost","MeetingDeclined"
"email137@localhost","MeetingResponse"
"email138@localhost","MeetingDeclined"
"email139@localhost","MeetingResponse"
"email140@localhost","MeetingDeclined"
"email141@localhost","MeetingResponse"
"email142@localhost","MeetingDeclined"
"email143@localhost","MeetingResponse"
"email144@localhost","MeetingDeclined"
"email145@localhost","MeetingResponse"
"email146@localhost","MeetingDeclined"
"email147@localhost","MeetingResponse"
"email148@localhost","MeetingDeclined"
"email149@localhost","MeetingResponse"
"email150@localhost","MeetingDeclined"
"email151@localhost","MeetingResponse"
"email152@localhost","MeetingDeclined"
"email153@localhost","MeetingResponse"
"email154@localhost","MeetingDeclined"
"email155@localhost","MeetingResponse"
"email156@localhost","MeetingDeclined"
"email157@localhost","MeetingResponse"
"email158@localhost","MeetingDeclined"
"email159@localhost","MeetingResponse"
"email160@localhost","MeetingDeclined"
"email161@localhost","MeetingResponse"
"email162@localhost","MeetingDeclined"
"email163@localhost","MeetingResponse"
"email164@localhost","MeetingDeclined"
"email165@localhost","MeetingResponse"
"email166@localhost","MeetingDeclined"
"email167@localhost","MeetingResponse"
"email168@localhost","MeetingDeclined"
"email169@localhost","MeetingResponse"
"email170@localhost","MeetingDeclined"
"email171@localhost","MeetingResponse"
"email172@localhost","MeetingDeclined"
"email173@localhost","MeetingResponse"
"email174@localhost","MeetingDeclined"
"email175@localhost","MeetingResponse"
"email176@localhost","MeetingDeclined"
"email177@localhost","MeetingResponse"
"email178@localhost","MeetingDeclined"
"email179@localhost","MeetingResponse"
"email180@localhost","MeetingDeclined"
"email181@localhost","MeetingResponse"
"email182@localhost","MeetingDeclined"
"email183@localhost","MeetingResponse"
"email184@localhost","MeetingDeclined"
"email185@localhost","MeetingResponse"
"email186@localhost","MeetingDeclined"
"email187@localhost","MeetingResponse"
"email188@localhost","MeetingDeclined"
"email189@localhost","MeetingResponse"
"email190@localhost","MeetingDeclined"
"email191@localhost","MeetingResponse"
"email192@localhost","MeetingDeclined"
"email193@localhost","MeetingResponse"
"email194@localhost","MeetingDeclined"
"email195@localhost","MeetingResponse"
"email196@localhost","MeetingDeclined"
"email197@localhost","MeetingResponse"
"email198@localhost","MeetingDeclined"
"email199@localhost","MeetingResponse"
"email200@localhost","MeetingDeclined"
"email201@localhost","MeetingResponse"
"email202@localhost","MeetingDeclined"
"email203@localhost","MeetingResponse"
"email204@localhost","MeetingDeclined"
"email205@localhost","MeetingResponse"
"email206@localhost","MeetingDeclined"
"email207@localhost","MeetingResponse"
"email208@localhost","MeetingDeclined"
"email209@localhost","MeetingResponse"
"email210@localhost","MeetingDeclined"
"email211@localhost","MeetingResponse"
"email212@localhost","MeetingDeclined"
"email213@localhost","MeetingResponse"
"email214@localhost","MeetingDeclined"
"email215@localhost","MeetingResponse"
"email216@localhost","MeetingDeclined"
"email217@localhost","MeetingResponse"
"email218@localhost","MeetingDeclined"
"email219@localhost","MeetingResponse"
"email220@localhost","MeetingDeclined"
"email221@localhost","MeetingResponse"
"email222@localhost","MeetingDeclined"
"email223@localhost","MeetingResponse"
"email224@localhost","MeetingDeclined"
"email225@localhost","MeetingResponse"
"email226@localhost","MeetingDeclined"
"email227@localhost","MeetingResponse"
"email228@localhost","MeetingDeclined"
"email229@localhost","MeetingResponse"
"email230@localhost","MeetingDeclined"
"email231@localhost","MeetingResponse"
"email232@localhost","MeetingDeclined"
"email233@localhost","MeetingResponse"
"email234@localhost","MeetingDeclined"
"email235@localhost","MeetingResponse"
"email236@localhost","MeetingDeclined"
"email237@localhost","MeetingResponse"
"email238@localhost","MeetingDeclined"
"email239@localhost","MeetingResponse"
"email240@localhost","MeetingDeclined"
"email241@localhost","MeetingResponse"
"email242@localhost","MeetingDeclined"
"email243@localhost","MeetingResponse"
"email244@localhost","MeetingDeclined"
"email245@localhost","MeetingResponse"
"email246@localhost","MeetingDeclined"
"email247@localhost","MeetingResponse"
"email248@localhost","MeetingDeclined"
"email249@localhost","MeetingResponse"
"email250@localhost","MeetingDeclined"
"email251@localhost","MeetingResponse"
"email252@localhost","MeetingDeclined"
"email253@localhost","MeetingResponse"
"email254@localhost","MeetingDeclined"
"email255@localhost","MeetingResponse"
"email256@localhost","MeetingDeclined"
"email257@localhost","MeetingResponse"
"email258@localhost","MeetingDeclined"
"email259@localhost","MeetingResponse"
"email260@localhost","MeetingDeclined"
"email261@localhost","MeetingResponse"
"email262@localhost","MeetingDeclined"
"email263@localhost","MeetingResponse"
"email264@localhost","MeetingDeclined"
"email265@localhost","MeetingResponse"
"email266@localhost","MeetingDeclined"
"email267@localhost","MeetingResponse"
"email268@localhost","MeetingDeclined"
"email269@localhost","MeetingResponse"
"email270@localhost","MeetingDeclined"
"email271@localhost","MeetingResponse"
"email272@localhost","MeetingDeclined"
"email273@localhost","MeetingResponse"
"email274@localhost","MeetingDeclined"
"email275@localhost","MeetingResponse"
"email276@localhost","MeetingDeclined"
"email277@localhost","MeetingResponse"
"email278@localhost","MeetingDeclined"
"email279@localhost","MeetingResponse"
"email280@localhost","MeetingDeclined"
"email281@localhost","MeetingResponse"
"email282@localhost","MeetingDeclined"
"email283@localhost","MeetingResponse"
"email284@localhost","MeetingDeclined"
"email285@localhost","MeetingResponse"
"email286@localhost","MeetingDeclined"
"email287@localhost","MeetingResponse"
"email288@localhost","MeetingDeclined"
"email289@localhost","MeetingResponse"
"email290@localhost","MeetingDeclined"
"email291@localhost","MeetingResponse"
"email292@localhost","MeetingDeclined"
"email293@localhost","MeetingResponse"
"email294@localhost","MeetingDeclined"
"email295@localhost","MeetingResponse"
"email296@localhost","MeetingDeclined"
"email297@localhost","MeetingResponse"
"email298@localhost","MeetingDeclined"
"email299@localhost","MeetingResponse"
"email300@localhost","MeetingDeclined"
"email301@localhost","MeetingResponse"
"email302@localhost","MeetingDeclined"
"email303@localhost","MeetingResponse"
"email304@localhost","MeetingDeclined"
"email305@localhost","MeetingResponse"
"email306@localhost","MeetingDeclined"
"email307@localhost","MeetingResponse"
"email308@localhost","MeetingDeclined"
"email309@localhost","MeetingResponse"
"email310@localhost","MeetingDeclined"
"email311@localhost","MeetingResponse"
"email312@localhost","MeetingDeclined"
"email313@localhost","MeetingResponse"
"email314@localhost","MeetingDeclined"
"email315@localhost","MeetingResponse"
"email316@localhost","MeetingDeclined"
"email317@localhost","MeetingResponse"
"email318@localhost","MeetingDeclined"
"email319@localhost","MeetingResponse"
"email320@localhost","MeetingDeclined"
"email321@localhost","MeetingResponse"
"email322@localhost","MeetingDeclined"
"email323@localhost","MeetingResponse"
"email324@localhost","MeetingDeclined"
"email325@localhost","MeetingResponse"
"email326@localhost","MeetingDeclined"
"email327@localhost","MeetingResponse"
"email328@localhost","MeetingDeclined"
"email329@localhost","MeetingResponse"
"email330@localhost","MeetingDeclined"
"email331@localhost","MeetingResponse"
"email332@localhost","MeetingDeclined"
"email333@localhost","MeetingResponse"
"email334@localhost","MeetingDeclined"
"email335@localhost","MeetingResponse"
"email336@localhost","MeetingDeclined"
"email337@localhost","MeetingResponse"
"email338@localhost","MeetingDeclined"
"email339@localhost","MeetingResponse"
"email340@localhost","MeetingDeclined"
"email341@localhost","MeetingResponse"
"email342@localhost","MeetingDeclined"
"email343@localhost","MeetingResponse"
"email344@localhost","MeetingDeclined"
"email345@localhost","MeetingResponse"
"email346@localhost","MeetingDeclined"
"email347@localhost","MeetingResponse"
"email348@localhost","MeetingDeclined"
"email349@localhost","MeetingResponse"
"email350@localhost","MeetingDeclined"
"email351@localhost","MeetingResponse"
"email352@localhost","MeetingDeclined"
"email353@localhost","MeetingResponse"
"email354@localhost","MeetingDeclined"
"email355@localhost","MeetingResponse"
"email356@localhost","MeetingDeclined"
"email357@localhost","MeetingResponse"
"email358@localhost","MeetingDeclined"
"email359@localhost","MeetingResponse"
"email360@localhost","MeetingDeclined"
"email361@localhost","MeetingResponse"
"email362@localhost","MeetingDeclined"
"email363@localhost","MeetingResponse"
"email364@localhost","MeetingDeclined"
"email365@localhost","MeetingResponse"
"email366@localhost","MeetingDeclined"
"email367@localhost","MeetingResponse"
"email368@localhost","MeetingDeclined"
"email369@localhost","MeetingResponse"
"email370@localhost","MeetingDeclined"
"email371@localhost","MeetingResponse"
"email372@localhost","MeetingDeclined"
"email373@localhost","MeetingResponse"
"email374@localhost","MeetingDeclined"
"email375@localhost","MeetingResponse"
"email376@localhost","MeetingDeclined"
"email377@localhost","MeetingResponse"
"email378@localhost","MeetingDeclined"
"email379@localhost","MeetingResponse"
"email380@localhost","MeetingDeclined"
"email381@localhost","MeetingResponse"
"email382@localhost","MeetingDeclined"
"email383@localhost","MeetingResponse"
"email384@localhost","MeetingDeclined"
"email385@localhost","MeetingResponse"
"email386@localhost","MeetingDeclined"
"email387@localhost","MeetingResponse"
"email388@localhost","MeetingDeclined"
"email389@localhost","MeetingResponse"
"email390@localhost","MeetingDeclined"
"email391@localhost","MeetingResponse"
"email392@localhost","MeetingDeclined"
"email393@localhost","MeetingResponse"
"email394@localhost","MeetingDeclined"
"email395@localhost","MeetingResponse"
"email396@localhost","MeetingDeclined"
"email397@localhost","MeetingResponse"
"email398@localhost","MeetingDeclined"
"email399@localhost","MeetingResponse"
"email400@localhost","MeetingDeclined"
"email401@localhost","MeetingResponse"
"email402@localhost","MeetingDeclined"
"email403@localhost","MeetingResponse"
"email404@localhost","MeetingDeclined"
"email405@localhost","MeetingResponse"
"email406@localhost","MeetingDeclined"
"email407@localhost","MeetingResponse"
"email408@localhost","MeetingDeclined"
"email409@localhost","MeetingResponse"
"email410@localhost","MeetingDeclined"
"email411@localhost","MeetingResponse"
"email412@localhost","MeetingDeclined"
"email413@localhost","MeetingResponse"
"email414@localhost","MeetingDeclined"
"email415@localhost","MeetingResponse"
"email416@localhost","MeetingDeclined"
"email417@localhost","MeetingResponse"
"email418@localhost","MeetingDeclined"
"email419@localhost","MeetingResponse"
"email420@localhost","MeetingDeclined"
"email421@localhost","MeetingResponse"
"email422@localhost","MeetingDeclined"
"email423@localhost","MeetingResponse"
"email424@localhost","MeetingDeclined"
"email425@localhost","MeetingResponse"
"email426@localhost","MeetingDeclined"
"email427@localhost","MeetingResponse"
"email428@localhost","MeetingDeclined"
"email429@localhost","MeetingResponse"
"email430@localhost","MeetingDeclined"
"email431@localhost","MeetingResponse"
"email432@localhost","MeetingDeclined"
"email433@localhost","MeetingResponse"
"email434@localhost","MeetingDeclined"
"email435@localhost","MeetingResponse"
"email436@localhost","MeetingDeclined"
"email437@localhost","MeetingResponse"
"email438@localhost","MeetingDeclined"
"email439@localhost","MeetingResponse"
"email440@localhost","MeetingDeclined"
"email441@localhost","MeetingResponse"
"email442@localhost","MeetingDeclined"
"email443@localhost","MeetingResponse"
"email444@localhost","MeetingDeclined"
"email445@localhost","MeetingResponse"
"email446@localhost","MeetingDeclined"
"email447@localhost","MeetingResponse"
"email448@localhost","MeetingDeclined"
"email449@localhost","MeetingResponse"
"email450@localhost","MeetingDeclined"
"email451@localhost","MeetingResponse"
"email452@localhost","MeetingDeclined"
"email453@localhost","MeetingResponse"
"email454@localhost","MeetingDeclined"
"email455@localhost","MeetingResponse"
"email456@localhost","MeetingDeclined"
"email457@localhost","MeetingResponse"
"email458@localhost","MeetingDeclined"
"email459@localhost","MeetingResponse"
"email460@localhost","MeetingDeclined"
"email461@localhost","MeetingResponse"
"email462@localhost","MeetingDeclined"
"email463@localhost","MeetingResponse"
"email464@localhost","MeetingDeclined"
"email465@localhost","MeetingResponse"
"email466@localhost","MeetingDeclined"
"email467@localhost","MeetingResponse"
"email468@localhost","MeetingDeclined"
"email469@localhost","MeetingResponse"
"email470@localhost","MeetingDeclined"
"email471@localhost","MeetingResponse"
"email472@localhost","MeetingDeclined"
"email473@localhost","MeetingResponse"
"email474@localhost","MeetingDeclined"
"email475@localhost","MeetingResponse"
"email476@localhost","MeetingDeclined"
"email477@localhost","MeetingResponse"
"email478@localhost","MeetingDeclined"
"email479@localhost","MeetingResponse"
"email480@localhost","MeetingDeclined"
"email481@localhost","MeetingResponse"
"email482@localhost","MeetingDeclined"
"email483@localhost","MeetingResponse"
"email484@localhost","MeetingDeclined"
"email485@localhost","MeetingResponse"
"email486@localhost","MeetingDeclined"
"email487@localhost","MeetingResponse"
"email488@localhost","MeetingDeclined"
"email489@localhost","MeetingResponse"
"email490@localhost","MeetingDeclined"
"email491@localhost","MeetingResponse"
"email492@localhost","MeetingDeclined"
"email493@localhost","MeetingResponse"
"email494@localhost","MeetingDeclined"
"email495@localhost","MeetingResponse"
"email496@localhost","MeetingDeclined"
"email497@localhost","MeetingResponse"
"email498@localhost","MeetingDeclined"
"email499@localhost","MeetingResponse"
"email500@localhost","MeetingDeclined"
"email501@localhost","MeetingResponse"
"email502@localhost","MeetingDeclined"
"email503@localhost","MeetingResponse"
"email504@localhost","MeetingDeclined"
"email505@localhost","MeetingResponse"
"email506@localhost","MeetingDeclined"
"email507@localhost","MeetingResponse"
"email508@localhost","MeetingDeclined"
"email509@localhost","MeetingResponse"
"email510@localhost","MeetingDeclined"
"email511@localhost","MeetingResponse"
"email512@localhost","MeetingDeclined"
"email513@localhost","MeetingResponse"
"email514@localhost","MeetingDeclined"
"email515@localhost","MeetingResponse"
"email516@localhost","MeetingDeclined"
"email517@localhost","MeetingResponse"
"email518@localhost","MeetingDeclined"
"email519@localhost","MeetingResponse"
"email520@localhost","MeetingDeclined"
"email521@localhost","MeetingResponse"
"email522@localhost","MeetingDeclined"
"email523@localhost","MeetingResponse"
"email524@localhost","MeetingDeclined"
"email525@localhost","MeetingResponse"
"email526@localhost","MeetingDeclined"
"email527@localhost","MeetingResponse"
"email528@localhost","MeetingDeclined"
"email529@localhost","MeetingResponse"
"email530@localhost","MeetingDeclined"
"email531@localhost","MeetingResponse"
"email532@localhost","MeetingDeclined"
"email533@localhost","MeetingResponse"
"email534@localhost","MeetingDeclined"
"email535@localhost","MeetingResponse"
"email536@localhost","MeetingDeclined"
"email537@localhost","MeetingResponse"
"email538@localhost","MeetingDeclined"
"email539@localhost","MeetingResponse"
"email540@localhost","MeetingDeclined"
"email541@localhost","MeetingResponse"
"email542@localhost","MeetingDeclined"
"email543@localhost","MeetingResponse"
"email544@localhost","MeetingDeclined"
"email545@localhost","MeetingResponse"
"email546@localhost","MeetingDeclined"
"email547@localhost","MeetingResponse"
"email548@localhost","MeetingDeclined"
"email549@localhost","MeetingResponse"
"email550@localhost","MeetingDeclined"
"email551@localhost","MeetingResponse"
"email552@localhost","MeetingDeclined"
"email553@localhost","MeetingResponse"
"email554@localhost","MeetingDeclined"
"email555@localhost","MeetingResponse"
"email556@localhost","MeetingDeclined"
"email557@localhost","MeetingResponse"
"email558@localhost","MeetingDeclined"
"email559@localhost","MeetingResponse"
"email560@localhost","MeetingDeclined"
"email561@localhost","MeetingResponse"
"email562@localhost","MeetingDeclined"
"email563@localhost","MeetingResponse"
"email564@localhost","MeetingDeclined"
"email565@localhost","MeetingResponse"
"email566@localhost","MeetingDeclined"
"email567@localhost","MeetingResponse"
"email568@localhost","MeetingDeclined"
"email569@localhost","MeetingResponse"
"email570@localhost","MeetingDeclined"
"email571@localhost","MeetingResponse"
"email572@localhost","MeetingDeclined"
"email573@localhost","MeetingResponse"
"email574@localhost","MeetingDeclined"
"email575@localhost","MeetingResponse"
"email576@localhost","MeetingDeclined"
"email577@localhost","MeetingResponse"
"email578@localhost","MeetingDeclined"
"email579@localhost","MeetingResponse"
"email580@localhost","MeetingDeclined"
"email581@localhost","MeetingResponse"
"email582@localhost","MeetingDeclined"
"email583@localhost","MeetingResponse"
"email584@localhost","MeetingDeclined"
"email585@localhost","MeetingResponse"
"email586@localhost","MeetingDeclined"
"email587@localhost","MeetingResponse"
"email588@localhost","MeetingDeclined"
"email589@localhost","MeetingResponse"
"email590@localhost","MeetingDeclined"
"email591@localhost","MeetingResponse"
"email592@localhost","MeetingDeclined"
"email593@localhost","MeetingResponse"
"email594@localhost","MeetingDeclined"
"email595@localhost","MeetingResponse"
"email596@localhost","MeetingDeclined"
"email597@localhost","MeetingResponse"
"email598@localhost","MeetingDeclined"
"email599@localhost","MeetingResponse"
"email600@localhost","MeetingDeclined"
"email601@localhost","MeetingResponse"
"email602@localhost","MeetingDeclined"
"email603@localhost","MeetingResponse"
"email604@localhost","MeetingDeclined"
"email605@localhost","MeetingResponse"
"email606@localhost","MeetingDeclined"
"email607@localhost","MeetingResponse"
"email608@localhost","MeetingDeclined"
"email609@localhost","MeetingResponse"
"email610@localhost","MeetingDeclined"
"email611@localhost","MeetingResponse"
"email612@localhost","MeetingDeclined"
"email613@localhost","MeetingResponse"
"email614@localhost","MeetingDeclined"
"email615@localhost","MeetingResponse"
"email616@localhost","MeetingDeclined"
"email617@localhost","MeetingResponse"
"email618@localhost","MeetingDeclined"
"email619@localhost","MeetingResponse"
"email620@localhost","MeetingDeclined"
"email621@localhost","MeetingResponse"
"email622@localhost","MeetingDeclined"
"email623@localhost","MeetingResponse"
"email624@localhost","MeetingDeclined"
"email625@localhost","MeetingResponse"
"email626@localhost","MeetingDeclined"
"email627@localhost","MeetingResponse"
"email628@localhost","MeetingDeclined"
"email629@localhost","MeetingResponse"
"email630@localhost","MeetingDeclined"
"email631@localhost","MeetingResponse"
"email632@localhost","MeetingDeclined"
"email633@localhost","MeetingResponse"
"email634@localhost","MeetingDeclined"
"email635@localhost","MeetingResponse"
"email636@localhost","MeetingDeclined"
"email637@localhost","MeetingResponse"
"email638@localhost","MeetingDeclined"
"email639@localhost","MeetingResponse"
"email640@localhost","MeetingDeclined"
"email641@localhost","MeetingResponse"
"email642@localhost","MeetingDeclined"
"email643@localhost","MeetingResponse"
"email644@localhost","MeetingDeclined"
"email645@localhost","MeetingResponse"
"email646@localhost","MeetingDeclined"
"email647@localhost","MeetingResponse"
"email648@localhost","MeetingDeclined"
"email649@localhost","MeetingResponse"
"email650@localhost","MeetingDeclined"
"email651@localhost","MeetingResponse"
"email652@localhost","MeetingDeclined"
"email653@localhost","MeetingResponse"
"email654@localhost","MeetingDeclined"
"email655@localhost","MeetingResponse"
"email656@localhost","MeetingDeclined"
"email657@localhost","MeetingResponse"
"email658@localhost","MeetingDeclined"
"email659@localhost","MeetingResponse"
"email660@localhost","MeetingDeclined"
"email661@localhost","MeetingResponse"
"email662@localhost","MeetingDeclined"
"email663@localhost","MeetingResponse"
"email664@localhost","MeetingDeclined"
"email665@localhost","MeetingResponse"
"email666@localhost","MeetingDeclined"
"email667@localhost","MeetingResponse"
"email668@localhost","MeetingDeclined"
"email669@localhost","MeetingResponse"
"email670@localhost","MeetingDeclined"
"email671@localhost","MeetingResponse"
"email672@localhost","MeetingDeclined"
"email673@localhost","MeetingResponse"
"email674@localhost","MeetingDeclined"
"email675@localhost","MeetingResponse"
"email676@localhost","MeetingDeclined"
"email677@localhost","MeetingResponse"
"email678@localhost","MeetingDeclined"
"email679@localhost","MeetingResponse"
"email680@localhost","MeetingDeclined"
"email681@localhost","MeetingResponse"
"email682@localhost","MeetingDeclined"
"email683@localhost","MeetingResponse"
"email684@localhost","MeetingDeclined"
"email685@localhost","MeetingResponse"
"email686@localhost","MeetingDeclined"
"email687@localhost","MeetingResponse"
"email688@localhost","MeetingDeclined"
"email689@localhost","MeetingResponse"
"email690@localhost","MeetingDeclined"
"email691@localhost","MeetingResponse"
"email692@localhost","MeetingDeclined"
"email693@localhost","MeetingResponse"
"email694@localhost","MeetingDeclined"
"email695@localhost","MeetingResponse"
"email696@localhost","MeetingDeclined"
"email697@localhost","MeetingResponse"
"email698@localhost","MeetingDeclined"
"email699@localhost","MeetingResponse"
"email700@localhost","MeetingDeclined"
"email701@localhost","MeetingResponse"
"email702@localhost","MeetingDeclined"
"email703@localhost","MeetingResponse"
"email704@localhost","MeetingDeclined"
"email705@localhost","MeetingResponse"
"email706@localhost","MeetingDeclined"
"email707@localhost","MeetingResponse"
"email708@localhost","MeetingDeclined"
"email709@localhost","MeetingResponse"
"email710@localhost","MeetingDeclined"
"email711@localhost","MeetingResponse"
"email712@localhost","MeetingDeclined"
"email713@localhost","MeetingResponse"
"email714@localhost","MeetingDeclined"
"email715@localhost","MeetingResponse"
"email716@localhost","MeetingDeclined"
"email717@localhost","MeetingResponse"
"email718@localhost","MeetingDeclined"
"email719@localhost","MeetingResponse"
"email720@localhost","MeetingDeclined"
"email721@localhost","MeetingResponse"
"email722@localhost","MeetingDeclined"
"email723@localhost","MeetingResponse"
"email724@localhost","MeetingDeclined"
"email725@localhost","MeetingResponse"
"email726@localhost","MeetingDeclined"
"email727@localhost","MeetingResponse"
"email728@localhost","MeetingDeclined"
"email729@localhost","MeetingResponse"
"email730@localhost","MeetingDeclined"
"email731@localhost","MeetingResponse"
"email732@localhost","MeetingDeclined"
"email733@localhost","MeetingResponse"
"email734@localhost","MeetingDeclined"
"email735@localhost","MeetingResponse"
"email736@localhost","MeetingDeclined"
"email737@localhost","MeetingResponse"
"email738@localhost","MeetingDeclined"
"email739@localhost","MeetingResponse"
"email740@localhost","MeetingDeclined"
"email741@localhost","MeetingResponse"
"email742@localhost","MeetingDeclined"
"email743@localhost","MeetingResponse"
"email744@localhost","MeetingDeclined"
"email745@localhost","MeetingResponse"
"email746@localhost","MeetingDeclined"
"email747@localhost","MeetingResponse"
"email748@localhost","MeetingDeclined"
"email749@localhost","MeetingResponse"
"email750@localhost","MeetingDeclined"
"email751@localhost","MeetingResponse"
"email752@localhost","MeetingDeclined"
"email753@localhost","MeetingResponse"
"email754@localhost","MeetingDeclined"
"email755@localhost","MeetingResponse"
"email756@localhost","MeetingDeclined"
"email757@localhost","MeetingResponse"
"email758@localhost","MeetingDeclined"
"email759@localhost","MeetingResponse"
"email760@localhost","MeetingDeclined"
"email761@localhost","MeetingResponse"
"email762@localhost","MeetingDeclined"
"email763@localhost","MeetingResponse"
"email764@localhost","MeetingDeclined"
"email765@localhost","MeetingResponse"
"email766@localhost","MeetingDeclined"
"email767@localhost","MeetingResponse"
"email768@localhost","MeetingDeclined"
"email769@localhost","MeetingResponse"
"email770@localhost","MeetingDeclined"
"email771@localhost","MeetingResponse"
"email772@localhost","MeetingDeclined"
"email773@localhost","MeetingResponse"
"email774@localhost","MeetingDeclined"
"email775@localhost","MeetingResponse"
"email776@localhost","MeetingDeclined"
"email777@localhost","MeetingResponse"
"email778@localhost","MeetingDeclined"
"email779@localhost","MeetingResponse"
"email780@localhost","MeetingDeclined"
"email781@localhost","MeetingResponse"
"email782@localhost","MeetingDeclined"
"email783@localhost","MeetingResponse"
"email784@localhost","MeetingDeclined"
"email785@localhost","MeetingResponse"
"email786@localhost","MeetingDeclined"
"email787@localhost","MeetingResponse"
"email788@localhost","MeetingDeclined"
"email789@localhost","MeetingResponse"
"email790@localhost","MeetingDeclined"
"email791@localhost","MeetingResponse"
"email792@localhost","MeetingDeclined"
"email793@localhost","MeetingResponse"
"email794@localhost","MeetingDeclined"
"email795@localhost","MeetingResponse"
"email796@localhost","MeetingDeclined"
"email797@localhost","MeetingResponse"
"email798@localhost","MeetingDeclined"
"email799@localhost","MeetingResponse"
"email800@localhost","MeetingDeclined"
"email801@localhost","MeetingResponse"
"email802@localhost","MeetingDeclined"
"email803@localhost","MeetingResponse"
"email804@localhost","MeetingDeclined"
"email805@localhost","MeetingResponse"
"email806@localhost","MeetingDeclined"
"email807@localhost","MeetingResponse"
"email808@localhost","MeetingDeclined"
"email809@localhost","MeetingResponse"
"email810@localhost","MeetingDeclined"
"email811@localhost","MeetingResponse"
"email812@localhost","MeetingDeclined"
"email813@localhost","MeetingResponse"
"email814@localhost","MeetingDeclined"
"email815@localhost","MeetingResponse"
"email816@localhost","MeetingDeclined"
"email817@localhost","MeetingResponse"
"email818@localhost","MeetingDeclined"
"email819@localhost","MeetingResponse"
"email820@localhost","MeetingDeclined"
"email821@localhost","MeetingResponse"
"email822@localhost","MeetingDeclined"
"email823@localhost","MeetingResponse"
"email824@localhost","MeetingDeclined"
"email825@localhost","MeetingResponse"
"email826@localhost","MeetingDeclined"
"email827@localhost","MeetingResponse"
"email828@localhost","MeetingDeclined"
"email829@localhost","MeetingResponse"
"email830@localhost","MeetingDeclined"
"email831@localhost","MeetingResponse"
"email832@localhost","MeetingDeclined"
"email833@localhost","MeetingResponse"
"email834@localhost","MeetingDeclined"
"email835@localhost","MeetingResponse"
"email836@localhost","MeetingDeclined"
"email837@localhost","MeetingResponse"
"email838@localhost","MeetingDeclined"
"email839@localhost","MeetingResponse"
"email840@localhost","MeetingDeclined"
"email841@localhost","MeetingResponse"
"email842@localhost","MeetingDeclined"
"email843@localhost","MeetingResponse"
"email844@localhost","MeetingDeclined"
"email845@localhost","MeetingResponse"
"email846@localhost","MeetingDeclined"
"email847@localhost","MeetingResponse"
"email848@localhost","MeetingDeclined"
"email849@localhost","MeetingResponse"
"email850@localhost","MeetingDeclined"
"email851@localhost","MeetingResponse"
"email852@localhost","MeetingDeclined"
"email853@localhost","MeetingResponse"
"email854@localhost","MeetingDeclined"
"email855@localhost","MeetingResponse"
"email856@localhost","MeetingDeclined"
"email857@localhost","MeetingResponse"
"email858@localhost","MeetingDeclined"
"email859@localhost","MeetingResponse"
"email860@localhost","MeetingDeclined"
"email861@localhost","MeetingResponse"
"email862@localhost","MeetingDeclined"
"email863@localhost","MeetingResponse"
"email864@localhost","MeetingDeclined"
"email865@localhost","MeetingResponse"
"email866@localhost","MeetingDeclined"
"email867@localhost","MeetingResponse"
"email868@localhost","MeetingDeclined"
"email869@localhost","MeetingResponse"
"email870@localhost","MeetingDeclined"
"email871@localhost","MeetingResponse"
"email872@localhost","MeetingDeclined"
"email873@localhost","MeetingResponse"
"email874@localhost","MeetingDeclined"
"email875@localhost","MeetingResponse"
"email876@localhost","MeetingDeclined"
"email877@localhost","MeetingResponse"
"email878@localhost","MeetingDeclined"
"email879@localhost","MeetingResponse"
"email880@localhost","MeetingDeclined"
"email881@localhost","MeetingResponse"
"email882@localhost","MeetingDeclined"
"email883@localhost","MeetingResponse"
"email884@localhost","MeetingDeclined"
"email885@localhost","MeetingResponse"
"email886@localhost","MeetingDeclined"
"email887@localhost","MeetingResponse"
"email888@localhost","MeetingDeclined"
"email889@localhost","MeetingResponse"
"email890@localhost","MeetingDeclined"
"email891@localhost","MeetingResponse"
"email892@localhost","MeetingDeclined"
"email893@localhost","MeetingResponse"
"email894@localhost","MeetingDeclined"
"email895@localhost","MeetingResponse"
"email896@localhost","MeetingDeclined"
"email897@localhost","MeetingResponse"
"email898@localhost","MeetingDeclined"
"email899@localhost","MeetingResponse"
"email900@localhost","MeetingDeclined"
"email901@localhost","MeetingResponse"
"email902@localhost","MeetingDeclined"
"email903@localhost","MeetingResponse"
"email904@localhost","MeetingDeclined"
"email905@localhost","MeetingResponse"
"email906@localhost","MeetingDeclined"
"email907@localhost","MeetingResponse"
"email908@localhost","MeetingDeclined"
"email909@localhost","MeetingResponse"
"email910@localhost","MeetingDeclined"
"email911@localhost","MeetingResponse"
"email912@localhost","MeetingDeclined"
"email913@localhost","MeetingResponse"
"email914@localhost","MeetingDeclined"
"email915@localhost","MeetingResponse"
"email916@localhost","MeetingDeclined"
"email917@localhost","MeetingResponse"
"email918@localhost","MeetingDeclined"
"email919@localhost","MeetingResponse"
"email920@localhost","MeetingDeclined"
"email921@localhost","MeetingResponse"
"email922@localhost","MeetingDeclined"
"email923@localhost","MeetingResponse"
"email924@localhost","MeetingDeclined"
"email925@localhost","MeetingResponse"
"email926@localhost","MeetingDeclined"
"email927@localhost","MeetingResponse"
"email928@localhost","MeetingDeclined"
"email929@localhost","MeetingResponse"
"email930@localhost","MeetingDeclined"
"email931@localhost","MeetingResponse"
"email932@localhost","MeetingDeclined"
"email933@localhost","MeetingResponse"
"email934@localhost","MeetingDeclined"
"email935@localhost","MeetingResponse"
"email936@localhost","MeetingDeclined"
"email937@localhost","MeetingResponse"
"email938@localhost","MeetingDeclined"
"email939@localhost","MeetingResponse"
"email940@localhost","MeetingDeclined"
"email941@localhost","MeetingResponse"
"email942@localhost","MeetingDeclined"
"email943@localhost","MeetingResponse"
"email944@localhost","MeetingDeclined"
"email945@localhost","MeetingResponse"
"email946@localhost","MeetingDeclined"
"email947@localhost","MeetingResponse"
"email948@localhost","MeetingDeclined"
"email949@localhost","MeetingResponse"
"email950@localhost","MeetingDeclined"
"email951@localhost","MeetingResponse"
"email952@localhost","MeetingDeclined"
"email953@localhost","MeetingResponse"
"email954@localhost","MeetingDeclined"
"email955@localhost","MeetingResponse"
"email956@localhost","MeetingDeclined"
"email957@localhost","MeetingResponse"
"email958@localhost","MeetingDeclined"
"email959@localhost","MeetingResponse"
"email960@localhost","MeetingDeclined"
"email961@localhost","MeetingResponse"
"email962@localhost","MeetingDeclined"
"email963@localhost","MeetingResponse"
"email964@localhost","MeetingDeclined"
"email965@localhost","MeetingResponse"
"email966@localhost","MeetingDeclined"
"email967@localhost","MeetingResponse"
"email968@localhost","MeetingDeclined"
"email969@localhost","MeetingResponse"
"email970@localhost","MeetingDeclined"
"email971@localhost","MeetingResponse"
"email972@localhost","MeetingDeclined"
"email973@localhost","MeetingResponse"
"email974@localhost","MeetingDeclined"
"email975@localhost","MeetingResponse"
"email976@localhost","MeetingDeclined"
"email977@localhost","MeetingResponse"
"email978@localhost","MeetingDeclined"
"email979@localhost","MeetingResponse"
"email980@localhost","MeetingDeclined"
"email981@localhost","MeetingResponse"
"email982@localhost","MeetingDeclined"
"email983@localhost","MeetingResponse"
"email984@localhost","MeetingDeclined"
"email985@localhost","MeetingResponse"
"email986@localhost","MeetingDeclined"
"email987@localhost","MeetingResponse"
"email988@localhost","MeetingDeclined"
"email989@localhost","MeetingResponse"
"email990@localhost","MeetingDeclined"
"email991@localhost","MeetingResponse"
"email992@localhost","MeetingDeclined"
"email993@localhost","MeetingResponse"
"email994@localhost","MeetingDeclined"
"email995@localhost","MeetingResponse"
"email996@localhost","MeetingDeclined"
"email997@localhost","MeetingResponse"
"email998@localhost","MeetingDeclined"
"email999@localhost","MeetingResponse"
"email1000@localhost","MeetingDeclined"
